file_name,accessible,title,description,publish_date
file_name
file_name
file_name
stel01_130323
002appendix.pdf
stel01_130928
02_03_1
stel01_130924
mnr_0003
272662,"Manuel des agrégats: Annexe A - Accord visant à définir les rôles et les responsabilités du ministère des Richesses naturelles et ministère de l’Environnement Relativement aux activités d’extraction d’agrégats","Manuel du programme des ressources en agrégats: La taxe de vente au détail sur les ressources en agrégats propriété de la Couronne (8.00.06)",2010-05-06,false
269665,"Aggregate Policy Manual, Appendix A: A - MNR/MOE MOU: Protocol to Address Environmental Complaints Regarding Pit & Quarry Operations in Ontario","Aggregate Resources Policy Manual, Appendix A: A - MNR/MOE MOU: Protocol to Address Environmental Complaints Regarding Pit & Quarry Operations in Ontario",2010-05-06,false
