file_name,accessible,title,description,keywords,publish_date
274148,,"Results-based Plan 2009-10 - PDF","Results-based Plan 2009-10",,"Results-based Plan 2009-10",2010-05-06
stdprod_109658,,"2013-14 RbP - Ministry Organization Chart - PDF","2013-14 RbP - Ministry Organization Chart - PDF",,"2013-14 RbP - Ministry Organization Chart - PDF",2013-10-29
stdprod_109513,,"Ontario Ministry of Natural Resources Results-based Plan 2013-14","Ontario Ministry of Natural Resources Results-based Plan 2013-14",vern.crawford@ontario.ca,"Ontario Ministry of Natural Resources Results-based Plan 2013-14",2013-10-17
stdprod_109419,,"PDF - Organigramme du ministère des Ressources naturelles","Organigramme du ministère des Ressources naturelles, y compris les divisions, les branches et les rapports hiérarchiques.",webmaster@mnr.gov.on.ca,"PDF, organigramme, organisation, les rapports hiérarchiques",2013-10-23
stdprod_109512,,"Ministère des Richesses naturelles Plan axé sur les résultats publié 2013-2014","Ministère des Richesses naturelles Plan axé sur les résultats publié 2013-2014",vern.crawford@ontario.ca,"Ministère des Richesses naturelles Plan axé sur les résultats publié 2013-2014",2013-10-17
stdprod_109659,,"2013-14 RbP - Operating and Capital Summary - PDF","2013-14 RbP - Operating and Capital Summary - PDF",,"2013-14 RbP - Operating and Capital Summary - PDF",2013-10-29
stdprod_109708,,"2013-14 RbP - Operating and Capital Summary - PDF - French","2013-14 RbP - Operating and Capital Summary - PDF - French",,"2013-14 RbP - Operating and Capital Summary - PDF - French",2013-10-31
stdprod_109707,,"2013-14 RbP - Ministry Organization Chart - PDF - French","2013-14 RbP - Ministry Organization Chart - PDF - French",,"2013-14 RbP - Ministry Organization Chart - PDF - French",2013-10-31
stdprod_109576,,"Ministère des Richesses naturelles Plan axé sur les résultats publié 2012-2013","Ministère des Richesses naturelles Plan axé sur les résultats publié 2012-2013",vern.crawford@ontario.ca,"Ministère des Richesses naturelles Plan axé sur les résultats publié 2012-2013",2013-10-25
stdprod_110002,,"Errata - December 2013 - Report of the Independent Fact-Finding Panel on Herbicide 2,4,5-T","Errata - December 2013 - Report of the Independent Fact-Finding Panel on Herbicide 2,4,5-T",,"herbicide, 2,4,5,-T, Agent Orange. errata",2013-12-12
stdprod_109577,,"Ontario Ministry of Natural Resources Results-based Plan 2012-13","Ontario Ministry of Natural Resources Results-based Plan 2012-13",vern.crawford@ontario.ca,"Ontario Ministry of Natural Resources Results-based Plan 2012-13",2013-10-25
stdprod_109418,,"PDF - Organization Chart for Ministry of Natural Resources","The Ontario Ministry of Natural Resources Oraganizational Chart. Explains how the Minister, Parlimentary Assistant, Deputy Minister, and five divisions are structured.",,"PDF, org chart, organization chart, Minister, Deputy Minister, Cluster and Commissions, Divisions, Branches, Units",2013-10-23
stdprod_109440,,"Letter from the Honourable David Orazietti, Minister of Natural Resources, Ontario, to the Honourable Leona  Aglukkaq, Minister of Health, Health Canada (June 13, 2013)","Letter from the Honourable David Orazietti, Minister of Natural Resources, Ontario, to the Honourable Leona  Aglukkaq, Minister of Health, Health Canada (June 13, 2013)",webmaster@mnr.gov.on.ca,"herbicides,2,4,5-Trichlorophenoxyacetic acid, 2,4,5-T, herbicide, historic",2013-10-09
stdprod_109253,,"Errata - Report of the Independent Fact-Finding Panel on Herbicide 2,4,5-T","Errata - Final Report of the Independent Fact-Finding Panel on Herbicide 2,4,5-T",,"herbicide, 2,4,5,-T, Agent Orange. errata",2013-09-09
stdprod_110003,,"Errata - Decembre 2013 - Rapport final - Le rapport du Comité indépendant d’enquête sur l’herbicide 2,4,5-T","Errata - Decembre 2013 - Rapport final - Le rapport du Comité indépendant d’enquête sur l’herbicide 2,4,5-T",,"herbicide, 2,4,5,-T, Agent Orange, errata",2013-12-12
stdprod_109254,,"Errata - Rapport final - Le rapport du Comité indépendant d’enquête sur l’herbicide 2,4,5-T","Errata- Rapport final du Comité indépendant d’enquête sur l’herbicide 2,4,5-T",,"herbicide, 2,4,5,-T, Agent Orange, errata",2013-09-09
stdprod_109441,,"Letters from David O'Toole, Deputy Minister, Ontario Ministry of Natural Resources, to Deputy Ministers of Health Canada, Environment Canada, Natural Resources Canada, and Canadian Council of Forest Ministers (June 13, 2013)","Letters from David O'Toole, Deputy Minister, Ontario Ministry of Natural Resources, to Deputy Ministers of Health Canada, Environment Canada, Natural Resources Canada, and Canadian Council of Forest Ministers (June 13, 2013)",webmaster@mnr.gov.on.ca,"herbicides,2,4,5-Trichlorophenoxyacetic acid, 2,4,5-T, herbicide, historic",2013-10-09
stdprod_103545,,"Notre avenir durable : un appel à l'action renouvelé","Notre avenir durable : un appel à l'action renouvelé est le dernier d'une série de documents d'orientations                                                                                                                                                                                                                                                                                                                                                                                                                                                                                                                                                                                                                                                                                                                                                                                                                                                                                                                                                                                                                                                                                                                                                                                                                                                                                                                                                                                                                                                                                                                                                                                                                                                                                                                                                            
stratégiques publiés par le ministère à compter de 1990. Depuis, le MRN a mis à jour ses orientations stratégiques                                                                                                                                                                                                                                                                                                                                                                                                                                                                                                                                                                                                                                                                                                                                                                                                                                                                                                                                                                                                                                                                                                                                                                                                                                                                                                                                                                                                                                                                                                                                                                                                                                                                                                                                                                                                                                                                                                                                                              
tous les cinq à six ans pour s'assurer de tenir compte de l'évolution des ressources naturelles de l'Ontario                                                                                                                                                                                                                                                                                                                                                                                                                                                                                                                                                                                                                                                                                                                                                                                                                                                                                                                                                                                                                                                                                                                                                                                                                                                                                                                                                                                                                                                                                                                                                                                                                                                                                                                                                                                                                                                                                                                                                     
et de réagir aux enjeux du jour.",bruce.head@ontario.ca,"OSF, Notre Avenir Durable, NAD,  Notre Avenir Durable Orientations stratégiques du Ministère des Richesses naturelles",2013-03-11
stdprod_103544,,"Our Sustainable Future: A Renewed Call to Action","Our Sustainable Future: A Renewed Call to Action is the latest in a series of strategic directions documents published by the ministry starting in 1990. Since then, MNR has updated its strategic directions every five or six                                                                                                                                                                                                                                                                                                                                                                                                                                                                                                                                                                                                                                                                                                                                                                                                                                                                                                                                                                                                                                                                                                                                                                                                                                                                                                                                                                                                                                                                                                                                                                                                                                                                
years to ensure that they reflect the changing state of Ontario's natural resources and respond to current issues.",bruce.head@ontario.ca,"Our Sustainable Future, strategic directions, priorities, sustainable, sustainability",2013-03-11
stdprod_103611,,"Draft: Technical Definitions and Criteria for Identifying Key Natural Heritage Features and Key Hydrologic Features for the Lake Simcoe Protection Plan","ER notice supporting docs March 2013",erika.weisz@ontario.ca,"Lake Simcoe, protection, ER, Technical Definitions, Criteria, Natural Heritage, Hydrologic Features, Lake Simcoe Protection Plan",2013-03-18
stdprod_105290,,"Exploration minérale et espèces en voie de disparition ou menacées","Le ministère des Richesses naturelles simplifie ses processus d’autorisation pour aider les personnes et les entreprises à accéder à ces services plus rapidement et plus efficacement, tout en continuant à protéger les ressources naturelles de l’Ontario et à les gérer de façon durable.",webmaster@mnr.gov.on.ca,"Exploration minérale et espèces en voie de disparition ou menacées",2013-06-05
stdprod_105263,,"Grow or Sell Plants Commercially (Species at Risk Only)","The Ministry of Natural Resources is streamlining its approvals processes to help individuals and businesses access these services faster and more efficiently, while continuing to protect and sustainably manage Ontario’s natural resources.",Aastha.Singh@ontario.ca,"Grow or Sell Plants Commercially (Species at Risk Only)",2013-06-05
stdprod_105266,,"Health and Safety Work and Endangered or Threatened Species","The Ministry of Natural Resources is streamlining its approvals processes to help individuals and businesses access these services faster and more efficiently, while continuing to protect and sustainably manage Ontario’s natural resources.",Aastha.Singh@ontario.ca,"Health and Safety Work and Endangered or Threatened Species",2013-06-05
stdprod_105283,,"Possession d'espèce en péril à des fins scientifiques ou éducatives","Le ministère des Richesses naturelles simplifie ses processus d’autorisation pour aider les personnes et les entreprises à accéder à ces services plus rapidement et plus efficacement, tout en continuant à protéger les ressources naturelles de l’Ontario et à les gérer de façon durable.",webmaster@mnr.gov.on.ca,"Possession d'espèce en péril à des fins scientifiques ou éducatives",2013-06-05
stdprod_105251,,"Acheter ou vendre des mammifères à fourrure vivants","Le ministère des Richesses naturelles simplifie ses processus d’autorisation pour aider les personnes et les entreprises à accéder à ces services plus rapidement et plus efficacement, tout en continuant à protéger les ressources naturelles de l’Ontario et à les gérer de façon durable.",webmaster@mnr.gov.on.ca,"Acheter ou vendre des mammifères à fourrure vivants",2013-06-05
stdprod_105289,,"Projets de développement et d'infrastructure et espèces ou habitats nouvellement protégés","Le ministère des Richesses naturelles simplifie ses processus d’autorisation pour aider les personnes et les entreprises à accéder à ces services plus rapidement et plus efficacement, tout en continuant à protéger les ressources naturelles de l’Ontario et à les gérer de façon durable.",webmaster@mnr.gov.on.ca,"Projets de développement et d'infrastructure et espèces ou habitats nouvellement protégés",2013-06-05
stdprod_105271,,"Development/Infrastructure Projects and Newly Protected Species or Habitats","The Ministry of Natural Resources is streamlining its approvals processes to help individuals and businesses access these services faster and more efficiently, while continuing to protect and sustainably manage Ontario’s natural resources.",Aastha.Singh@ontario.ca,"Development/Infrastructure Projects and Newly Protected Species or Habitats",2013-06-05
stdprod_105294,,"Habitats du goglu des prés ou de la sturnelle des prés et aménagement des terres","Le ministère des Richesses naturelles simplifie ses processus d’autorisation pour aider les personnes et les entreprises à accéder à ces services plus rapidement et plus efficacement, tout en continuant à protéger les ressources naturelles de l’Ontario et à les gérer de façon durable.",webmaster@mnr.gov.on.ca,"Habitats du goglu des prés ou de la sturnelle des prés et aménagement des terres",2013-06-05
stdprod_105288,,"Travaux sur des fossés ou drainages et espèces en voie de disparition ou menacées","Le ministère des Richesses naturelles simplifie ses processus d’autorisation pour aider les personnes et les entreprises à accéder à ces services plus rapidement et plus efficacement, tout en continuant à protéger les ressources naturelles de l’Ontario et à les gérer de façon durable.",webmaster@mnr.gov.on.ca,"Travaux sur des fossés ou drainages et espèces en voie de disparition ou menacées",2013-06-06
stdprod_105268,,"Forest Operations and Endangered or Threatened Species","The Ministry of Natural Resources is streamlining its approvals processes to help individuals and businesses access these services faster and more efficiently, while continuing to protect and sustainably manage Ontario’s natural resources.",Aastha.Singh@ontario.ca,"Forest Operations and Endangered or Threatened Species",2013-06-05
stdprod_105267,,"Accidently Trapping a Species at Risk","The Ministry of Natural Resources is streamlining its approvals processes to help individuals and businesses access these services faster and more efficiently, while continuing to protect and sustainably manage Ontario’s natural resources.",Aastha.Singh@ontario.ca,"Accidently Trapping a Species at Risk",2013-06-05
stdprod_105250,,"La collecte, l'élevage, l'achat ou la vente de reptiles et des amphibiens vivants","Le ministère des Richesses naturelles simplifie ses processus d’autorisation pour aider les personnes et les entreprises à accéder à ces services plus rapidement et plus efficacement, tout en continuant à protéger les ressources naturelles de l’Ontario et à les gérer de façon durable.",webmaster@mnr.gov.on.ca,"La collecte, l'élevage, l'achat ou la vente de reptiles et des amphibiens vivants",2013-06-05
stdprod_105240,,"Buy or Sell a Live Furbearing Mammal","The Ministry of Natural Resources is streamlining its approvals processes to help individuals and businesses access these services faster and more efficiently, while continuing to protect and sustainably manage Ontario’s natural resources.",Aastha.Singh@ontario.ca,"Buy or Sell a Live Furbearing Mammal",2013-06-05
stdprod_105231,,"Serve Fish or Wild Game at Charitable Events","The Ministry of Natural Resources is streamlining its approvals processes to help individuals and businesses access these services faster and more efficiently, while continuing to protect and sustainably manage Ontario’s natural resources.",Aastha.Singh@ontario.ca,"Serve Fish or Wild Game at Charitable Events",2013-06-05
stdprod_101831,,"2012-2013 Annual Accessibility Plan (PDF English)","2012-2013 Annual Accessibility Plan",ron.evers@ontario.ca,"2012-2013 Annual Accessibility Plan",2012-12-17
stdprod_101832,,"Plan annuel d’accessibilité 2012-2013","Plan annuel d’accessibilité 2012-2013",ron.evers@ontario.ca,"Plan annuel d’accessibilité 2012-2013",2012-12-17
stdprod_105259,,"Butternut Trees on Your Property","The Ministry of Natural Resources is streamlining its approvals processes to help individuals and businesses access these services faster and more efficiently, while continuing to protect and sustainably manage Ontario’s natural resources.",Aastha.Singh@ontario.ca,"Butternut Trees on Your Property",2013-06-05
stdprod_105236,,"Export Dead Wild Animals from Ontario","The Ministry of Natural Resources is streamlining its approvals processes to help individuals and businesses access these services faster and more efficiently, while continuing to protect and sustainably manage Ontario’s natural resources.",Aastha.Singh@ontario.ca,"Export Dead Wild Animals from Ontario",2013-06-05
stdprod_105262,,"Create a Safe Place for a Species at Risk on Your Property (Safe Harbour)","The Ministry of Natural Resources is streamlining its approvals processes to help individuals and businesses access these services faster and more efficiently, while continuing to protect and sustainably manage Ontario’s natural resources.",Aastha.Singh@ontario.ca,"Create a Safe Place for a Species at Risk on Your Property (Safe Harbour)",2013-06-05
stdprod_108483,,"Rapport final - Le rapport du Comité indépendant d’enquête sur l’herbicide 2,4,5-T","Rapport final du Comité indépendant d’enquête sur l’herbicide 2,4,5-T",,"herbicide, 2,4,5,-T, Agent Orange",2013-06-12
stdprod_105242,,"Servir un repas de poisson et de gibier sauvages lors d’un événement organisé pour une oeuvre de bienfaisance","Le ministère des Richesses naturelles simplifie ses processus d’autorisation pour aider les personnes et les entreprises à accéder à ces services plus rapidement et plus efficacement, tout en continuant à protéger les ressources naturelles de l’Ontario et à les gérer de façon durable.",webmaster@mnr.gov.on.ca,"Servir un repas de poisson et de gibier sauvages lors d’un événement organisé pour une oeuvre de bienfaisance",2013-06-05
stdprod_105235,,"Buy or Sell Wild Animal Hides or Antlers (Native to Ontario)","The Ministry of Natural Resources is streamlining its approvals processes to help individuals and businesses access these services faster and more efficiently, while continuing to protect and sustainably manage Ontario’s natural resources.",Aastha.Singh@ontario.ca,"Buy or Sell Wild Animal Hides or Antlers (Native to Ontario)",2013-06-05
stdprod_108482,,"Survol du rapport - Le rapport du Comité indépendant d’enquête sur l’herbicide 2,4,5-T","Sommaire du rapport du Comité indépendant d’enquête sur l’herbicide 2,4,5-T",,"herbicide, 2,4,5,-T, Agent Orange",2013-06-12
stdprod_105239,,"Collect, Breed, Buy or Sell a Live Reptile or Amphibian","The Ministry of Natural Resources is streamlining its approvals processes to help individuals and businesses access these services faster and more efficiently, while continuing to protect and sustainably manage Ontario’s natural resources.",Aastha.Singh@ontario.ca,"Collect, Breed, Buy or Sell a Live Reptile or Amphibian",2013-06-05
stdprod_108481,,"Sommaire de gestion - Le rapport du Comité indépendant d’enquête sur l’herbicide 2,4,5-T","Sommaire de gestion - Le rapport du Comité indépendant d’enquête sur l’herbicide 2,4,5-T",,"herbicide, 2,4,5,-T, Agent Orange",2013-06-12
stdprod_105278,,"Travail sur des structures dans l'habitat de poissons ou de moules","Le ministère des Richesses naturelles simplifie ses processus d’autorisation pour aider les personnes et les entreprises à accéder à ces services plus rapidement et plus efficacement, tout en continuant à protéger les ressources naturelles de l’Ontario et à les gérer de façon durable.",webmaster@mnr.gov.on.ca,"Travail sur des structures dans l'habitat de poissons ou de moules",2013-06-05
stdprod_105282,,"Conservation des écosystèmes et espèces en voie de disparition ou menacées","Le ministère des Richesses naturelles simplifie ses processus d’autorisation pour aider les personnes et les entreprises à accéder à ces services plus rapidement et plus efficacement, tout en continuant à protéger les ressources naturelles de l’Ontario et à les gérer de façon durable.",webmaster@mnr.gov.on.ca,"Conservation des écosystèmes et espèces en voie de disparition ou menacées",2013-06-06
stdprod_105265,,"Keep a Species at Risk for Science and Education","The Ministry of Natural Resources is streamlining its approvals processes to help individuals and businesses access these services faster and more efficiently, while continuing to protect and sustainably manage Ontario’s natural resources.",Aastha.Singh@ontario.ca,"Keep a Species at Risk for Science and Education",2013-06-05
stdprod_105248,,"Contrôle des animaux sauvages : règles pour les municipalités","Le ministère des Richesses naturelles simplifie ses processus d’autorisation pour aider les personnes et les entreprises à accéder à ces services plus rapidement et plus efficacement, tout en continuant à protéger les ressources naturelles de l’Ontario et à les gérer de façon durable.",webmaster@mnr.gov.on.ca,"Contrôle des animaux sauvages : règles pour les municipalités",2013-06-05
stdprod_105246,,"Acheter ou vendre des peaux et des bois tombés (d'animaux sauvages indigènes de l'Ontario)","Le ministère des Richesses naturelles simplifie ses processus d’autorisation pour aider les personnes et les entreprises à accéder à ces services plus rapidement et plus efficacement, tout en continuant à protéger les ressources naturelles de l’Ontario et à les gérer de façon durable.",webmaster@mnr.gov.on.ca,"Acheter ou vendre des peaux et des bois tombés (d'animaux sauvages indigènes de l'Ontario)",2013-06-05
stdprod_105280,,"Création d’une zone sûre pour les espèces en péril sur votre propriété","Le ministère des Richesses naturelles simplifie ses processus d’autorisation pour aider les personnes et les entreprises à accéder à ces services plus rapidement et plus efficacement, tout en continuant à protéger les ressources naturelles de l’Ontario et à les gérer de façon durable.",webmaster@mnr.gov.on.ca,"Création d’une zone sûre pour les espèces en péril sur votre propriété",2013-06-06
stdprod_105286,,"Opérations forestières et espèces en voie de disparition ou menacées","Le ministère des Richesses naturelles simplifie ses processus d’autorisation pour aider les personnes et les entreprises à accéder à ces services plus rapidement et plus efficacement, tout en continuant à protéger les ressources naturelles de l’Ontario et à les gérer de façon durable.",webmaster@mnr.gov.on.ca,"Opérations forestières et espèces en voie de disparition ou menacées",2013-06-05
stdprod_105233,,"Keep, Buy or Sell a Pelt","The Ministry of Natural Resources is streamlining its approvals processes to help individuals and businesses access these services faster and more efficiently, while continuing to protect and sustainably manage Ontario’s natural resources.",Aastha.Singh@ontario.ca,"Keep, Buy or Sell a Pelt",2013-06-05
stdprod_105276,,"Bobolink and Eastern Meadowlark Habitats and Land Development","The Ministry of Natural Resources is streamlining its approvals processes to help individuals and businesses access these services faster and more efficiently, while continuing to protect and sustainably manage Ontario’s natural resources.",Aastha.Singh@ontario.ca,"Bobolink and Eastern Meadowlark Habitats and Land Development",2013-06-05
stdprod_105261,,"Alter a Structure that is Habitat for Barn Swallow or Chimney Swift","The Ministry of Natural Resources is streamlining its approvals processes to help individuals and businesses access these services faster and more efficiently, while continuing to protect and sustainably manage Ontario’s natural resources.",Aastha.Singh@ontario.ca,"Alter a Structure that is Habitat for Barn Swallow or Chimney Swift",2013-06-05
stdprod_105293,,"Puits ou carrières et espèces en voie de disparition ou menacées","Le ministère des Richesses naturelles simplifie ses processus d’autorisation pour aider les personnes et les entreprises à accéder à ces services plus rapidement et plus efficacement, tout en continuant à protéger les ressources naturelles de l’Ontario et à les gérer de façon durable.",webmaster@mnr.gov.on.ca,"Puits ou carrières et espèces en voie de disparition ou menacées",2013-06-05
stdprod_103614,,"Draft: Preparation of Natural Heritage Evaluation for Key Natural Heritage Features and Key Hydrologic Features for the Lake Simcoe Protection Plan","ER notice supporting docs March 2013",erika.weisz@ontario.ca,"Lake Simcoe, protection, ER, Natural Heritage Evaluation, Lake Simcoe Protection Plan",2013-03-18
stdprod_108479,,"Report at a Glance - Report of the Independent Fact-Finding Panel on Herbicide 2,4,5-T","Summary of the Report of the Independent Fact-Finding Panel on Herbicide 2,4,5-T",,"herbicide, 2,4,5,-T, Agent Orange",2013-06-12
stdprod_108478,,"Executive Summary - Report of the Independent Fact-Finding Panel on Herbicide 2,4,5-T","Executive Summary of the Report of the Independent Fact-Finding Panel on Herbicide 2,4,5-T",,"herbicide, 2,4,5,-T, Agent Orange",2013-06-12
stdprod_105237,,"Wild Animal Control: Rules for Municipalities","The Ministry of Natural Resources is streamlining its approvals processes to help individuals and businesses access these services faster and more efficiently, while continuing to protect and sustainably manage Ontario’s natural resources.",Aastha.Singh@ontario.ca,"Wild Animal Control: Rules for Municipalities",2013-06-05
stdprod_105284,,"Travaux du domaine de la santé et sécurité humaine et espèces en voie de disparition ou menacées","Le ministère des Richesses naturelles simplifie ses processus d’autorisation pour aider les personnes et les entreprises à accéder à ces services plus rapidement et plus efficacement, tout en continuant à protéger les ressources naturelles de l’Ontario et à les gérer de façon durable.",webmaster@mnr.gov.on.ca,"Travaux du domaine de la santé et sécurité humaine et espèces en voie de disparition ou menacées",2013-06-05
stdprod_105238,,"Tan, Treat or Preserve Wild Animal Pelts","The Ministry of Natural Resources is streamlining its approvals processes to help individuals and businesses access these services faster and more efficiently, while continuing to protect and sustainably manage Ontario’s natural resources.",Aastha.Singh@ontario.ca,"Tan, Treat or Preserve Wild Animal Pelts",2013-06-05
stdprod_105234,,"Harass, Capture or Kill a Wild Animal Damaging Private Property","The Ministry of Natural Resources is streamlining its approvals processes to help individuals and businesses access these services faster and more efficiently, while continuing to protect and sustainably manage Ontario’s natural resources.",Aastha.Singh@ontario.ca,"Harass, Capture or Kill a Wild Animal Damaging Private Property",2013-06-05
stdprod_105274,,"Wind Farms and Endangered or Threatened Species","The Ministry of Natural Resources is streamlining its approvals processes to help individuals and businesses access these services faster and more efficiently, while continuing to protect and sustainably manage Ontario’s natural resources.",Aastha.Singh@ontario.ca,"Wind Farms and Endangered or Threatened Species",2013-06-05
stdprod_105232,,"Keep a Dead Wild Animal","The Ministry of Natural Resources is streamlining its approvals processes to help individuals and businesses access these services faster and more efficiently, while continuing to protect and sustainably manage Ontario’s natural resources.",Aastha.Singh@ontario.ca,"Keep a Dead Wild Animal",2013-06-05
stdprod_108480,,"Final Report - Report of the Independent Fact-Finding Panel on Herbicide 2,4,5-T","Final Report of the Independent Fact-Finding Panel on Herbicide 2,4,5-T",,"herbicide, 2,4,5,-T, Agent Orange",2013-06-12
stdprod_105287,,"Aide à la protection ou au rétablissement des espèces en voie de disparition ou menacées","Le ministère des Richesses naturelles simplifie ses processus d’autorisation pour aider les personnes et les entreprises à accéder à ces services plus rapidement et plus efficacement, tout en continuant à protéger les ressources naturelles de l’Ontario et à les gérer de façon durable.",webmaster@mnr.gov.on.ca,"Aide à la protection ou au rétablissement des espèces en voie de disparition ou menacées",2013-06-05
stdprod_105245,,"Harceler, capturer et tuer un animal sauvage qui cause des dommages à la propriété","Le ministère des Richesses naturelles simplifie ses processus d’autorisation pour aider les personnes et les entreprises à accéder à ces services plus rapidement et plus efficacement, tout en continuant à protéger les ressources naturelles de l’Ontario et à les gérer de façon durable.",webmaster@mnr.gov.on.ca,"Harceler, capturer et tuer un animal sauvage qui cause des dommages à la propriété",2013-06-05
stdprod_105244,,"Conserver, acheter ou vendre une pelleterie","Le ministère des Richesses naturelles simplifie ses processus d’autorisation pour aider les personnes et les entreprises à accéder à ces services plus rapidement et plus efficacement, tout en continuant à protéger les ressources naturelles de l’Ontario et à les gérer de façon durable.",webmaster@mnr.gov.on.ca,"Conserver, acheter ou vendre une pelleterie",2013-06-06
stdprod_105273,,"Hydro-electric Generating Stations and Endangered or Threatened Species","The Ministry of Natural Resources is streamlining its approvals processes to help individuals and businesses access these services faster and more efficiently, while continuing to protect and sustainably manage Ontario’s natural resources.",Aastha.Singh@ontario.ca,"Hydro-electric Generating Stations and Endangered or Threatened Species",2013-06-05
stdprod_105292,,"Installations d'énergie éolienne et espèces en voie de disparition ou menacées","Le ministère des Richesses naturelles simplifie ses processus d’autorisation pour aider les personnes et les entreprises à accéder à ces services plus rapidement et plus efficacement, tout en continuant à protéger les ressources naturelles de l’Ontario et à les gérer de façon durable.",webmaster@mnr.gov.on.ca,"Installations d'énergie éolienne et espèces en voie de disparition ou menacées",2013-06-05
stdprod_105291,,"Postes hydroélectriques et espèces en voie de disparition ou menacées","Le ministère des Richesses naturelles simplifie ses processus d’autorisation pour aider les personnes et les entreprises à accéder à ces services plus rapidement et plus efficacement, tout en continuant à protéger les ressources naturelles de l’Ontario et à les gérer de façon durable.",webmaster@mnr.gov.on.ca,"Postes hydroélectriques et espèces en voie de disparition ou menacées",2013-06-05
stdprod_105279,,"Modification d'une structure servant d'habitat à l'hirondelle rustique ou au martinet ramoneur","Le ministère des Richesses naturelles simplifie ses processus d’autorisation pour aider les personnes et les entreprises à accéder à ces services plus rapidement et plus efficacement, tout en continuant à protéger les ressources naturelles de l’Ontario et à les gérer de façon durable.",webmaster@mnr.gov.on.ca,"Modification d'une structure servant d'habitat à l'hirondelle rustique ou au martinet ramoneur",2013-06-05
stdprod_105272,,"Mineral Exploration and Endangered or Threatened Species","The Ministry of Natural Resources is streamlining its approvals processes to help individuals and businesses access these services faster and more efficiently, while continuing to protect and sustainably manage Ontario’s natural resources.",Aastha.Singh@ontario.ca,"Mineral Exploration and Endangered or Threatened Species",2013-06-05
stdprod_105269,,"Help Protect or Recover an Endangered or Threatened Species","The Ministry of Natural Resources is streamlining its approvals processes to help individuals and businesses access these services faster and more efficiently, while continuing to protect and sustainably manage Ontario’s natural resources.",Aastha.Singh@ontario.ca,"Help Protect or Recover an Endangered or Threatened Species",2013-06-05
stdprod_105260,,"Working on Structures in Fish and Mussel Habitat","The Ministry of Natural Resources is streamlining its approvals processes to help individuals and businesses access these services faster and more efficiently, while continuing to protect and sustainably manage Ontario’s natural resources.",Aastha.Singh@ontario.ca,"Working on Structures in Fish and Mussel Habitat",2013-06-05
stdprod_105252,,"Retrirer des nids ou des oeufs d'oiseau","Le ministère des Richesses naturelles simplifie ses processus d’autorisation pour aider les personnes et les entreprises à accéder à ces services plus rapidement et plus efficacement, tout en continuant à protéger les ressources naturelles de l’Ontario et à les gérer de façon durable.",webmaster@mnr.gov.on.ca,"Retrirer des nids ou des oeufs d'oiseau",2013-06-05
stdprod_105247,,"Exporter des animaux sauvages morts depuis l'Ontario","Le ministère des Richesses naturelles simplifie ses processus d’autorisation pour aider les personnes et les entreprises à accéder à ces services plus rapidement et plus efficacement, tout en continuant à protéger les ressources naturelles de l’Ontario et à les gérer de façon durable.",webmaster@mnr.gov.on.ca,"Exporter des animaux sauvages morts depuis l'Ontario",2013-06-05
stdprod_105241,,"Remove Bird Nests or Eggs","The Ministry of Natural Resources is streamlining its approvals processes to help individuals and businesses access these services faster and more efficiently, while continuing to protect and sustainably manage Ontario’s natural resources.",Aastha.Singh@ontario.ca,"Remove Bird Nests or Eggs",2013-06-05
stdprod_105285,,"Piégeage accidentel d'une espèce en péril","Le ministère des Richesses naturelles simplifie ses processus d’autorisation pour aider les personnes et les entreprises à accéder à ces services plus rapidement et plus efficacement, tout en continuant à protéger les ressources naturelles de l’Ontario et à les gérer de façon durable.",webmaster@mnr.gov.on.ca,"Piégeage accidentel d'une espèce en péril",2013-06-05
stdprod_105281,,"Élevage et vente commerciaux de plantes (espèces en péril seulement)","Le ministère des Richesses naturelles simplifie ses processus d’autorisation pour aider les personnes et les entreprises à accéder à ces services plus rapidement et plus efficacement, tout en continuant à protéger les ressources naturelles de l’Ontario et à les gérer de façon durable.",webmaster@mnr.gov.on.ca,"Élevage et vente commerciaux de plantes (espèces en péril seulement)",2013-06-05
stdprod_105275,,"Pits or Quarries and Endangered or Threatened Species","The Ministry of Natural Resources is streamlining its approvals processes to help individuals and businesses access these services faster and more efficiently, while continuing to protect and sustainably manage Ontario’s natural resources.",Aastha.Singh@ontario.ca,"Pits or Quarries and Endangered or Threatened Species",2013-06-05
stdprod_105243,,"Possession d'animaux sauvages morts","Le ministère des Richesses naturelles simplifie ses processus d’autorisation pour aider les personnes et les entreprises à accéder à ces services plus rapidement et plus efficacement, tout en continuant à protéger les ressources naturelles de l’Ontario et à les gérer de façon durable.",webmaster@mnr.gov.on.ca,"Possession d'animaux sauvages morts",2013-06-06
stdprod_105277,,"Le noyé cendré sur votre propriété","Le ministère des Richesses naturelles simplifie ses processus d’autorisation pour aider les personnes et les entreprises à accéder à ces services plus rapidement et plus efficacement, tout en continuant à protéger les ressources naturelles de l’Ontario et à les gérer de façon durable.",webmaster@mnr.gov.on.ca,"Le noyé cendré sur votre propriété",2013-06-05
stdprod_105264,,"Ecosystem Conservation and Endangered or Threatened Species Restore Native Ecosystems","The Ministry of Natural Resources is streamlining its approvals processes to help individuals and businesses access these services faster and more efficiently, while continuing to protect and sustainably manage Ontario’s natural resources.",Aastha.Singh@ontario.ca,"Ecosystem Conservation and Endangered or Threatened Species Restore Native Ecosystems",2013-06-05
stdprod_105270,,"Ditch and Drainage Work and Endangered or Threatened Species","The Ministry of Natural Resources is streamlining its approvals processes to help individuals and businesses access these services faster and more efficiently, while continuing to protect and sustainably manage Ontario’s natural resources.",Aastha.Singh@ontario.ca,"Ditch and Drainage Work and Endangered or Threatened Species",2013-06-05
stdprod_105249,,"Tanner, traiter ou préserver des peaux d'animaux sauvages","Le ministère des Richesses naturelles simplifie ses processus d’autorisation pour aider les personnes et les entreprises à accéder à ces services plus rapidement et plus efficacement, tout en continuant à protéger les ressources naturelles de l’Ontario et à les gérer de façon durable.",webmaster@mnr.gov.on.ca,"Tanner, traiter ou préserver des peaux d'animaux sauvages",2013-06-05
stdprod_088001,,"Results-based Plan 2011-12 - PDF","Results-based Plan 2011-12",,"Results-based Plan 2011-12",2012-05-25
stdprod_096620,,"Plan axé sur les résultats publié 2011-12 - PDF","Plan axé sur les résultats publié 2011-12",vern.crawford@ontario.ca,"Plan axé sur les résultats publié 2011-12",2013-10-15
stdprod_087998,,"RBP 2011-12 Table 5: Operating and Capital Summary by Vote","Table 5: Operating and Capital Summary by Vote",,Table,2011-07-15
stdprod_087996,,"RBP 2011-12 Ministry Org Chart","Ministry Organization Chart",,"Organization Chart",2011-07-15
stdprod_088444,,"MNR letter to The Highland Companies  (April 26, 2011)","Proposed Highland Quarry ARA application, Part of Lots 18 to 23, Concession 1 O.S., Part of Lots 18 & 19, Concession 2 O.S., Part of Lots 17 to 21, Concession 3 O.S., Part of Lots 16 to 19, Concession 4 O.S., Part of Original Road Allowance between Lots 20 & 21, Concession 3 O.S., Township of Melancthon, County of Dufferin",,"Highlands Companies, Highland Quarry",2011-08-02
stdprod_088445,,"The Highlands Companies letter the Ministry of Natural Resources (July 18, 2011)","Application by The Highland Companies for a Class A Extraction Licence for the Proposed Melancthon Quarry",,"The Highland Companies, John Lowndes, Melancthon Quarry, quarry",2011-08-08
stdprod_087992,,"RBP 2011-12 Ministry Contribution to Government Priorities","Diagram 1: Ministry Contribution to Government Priorities and Key Results",,"Government Priorities",2011-07-15
stdprod_088448,,"MNR letter to The Highland Companies  (July 21, 2011)","Melancthon Quarry Application by the Highlands Companies for a Class A Licence under the Aggregate Resources Act",,"Melancthon, quarry, Highlands Companies, John Lowndes",2011-08-02
stdprod_082552,,"Letter from the Honourable Linda Jeffrey, Minister of Natural Resources, Ontario, to the   Honourable Leona Aglukkaq, Minister of Health, Health Canada (February 28, 2011)","Letter from the Honourable Linda Jeffrey, Minister of Natural Resources, Ontario, to the Honourable Leona Aglukkaq, Minister of Health, Health Canada, on the historic use of 2,4,5-Trichlorophenoxyacetic acid (2,4,5-T) herbicide in Ontario (February 28, 2011)",webmaster@mnr.gov.on.ca,"herbicides,2,4,5-Trichlorophenoxyacetic acid, 2,4,5-T, herbicide, historic",2011-03-09
stdprod_082553,,"Letter from Virginia M. West, Deputy Minister, Ontario Ministry of Natural Resources, to   Deputy Ministers of Health Canada, Environment Canada, Natural Resources Canada, and   Canadian Council of Forest Ministers (March 1, 2011)","Letter from Virginia M. West, Deputy Minister, Ontario Ministry of Natural Resources, to                                                                                                                                                                                                                                                                                                                                                                                                                                                                                                                                                                                                                                                                                                                                                                                                                                                                                                                                                                                                                                                                                                                                                                                                                                                                                                                                                                                                                                                                                                                                                                                                         
                                                                                                                                                                                                                                                                                                                                                                                                                                                                                                                                                                                                                                                                                                                                                                                                                                                                                                                                                                                                                                                                                                                                                                                                                                                                                                                                                                                                                                                                                                                                                                                                                                                                                                                                                                                                                                                                                                                                                                                                                                                                                
Deputy Ministers of Health Canada, Environment Canada, Natural Resources Canada, and Canadian Council of Forest Ministers, on the historic use of 2,4,5-Trichlorophenoxyacetic acid (2,4,5-T) herbicide in Ontario (March 1, 2011)",webmaster@mnr.gov.on.ca,"herbicides,2,4,5-Trichlorophenoxyacetic acid, 2,4,5-T, herbicide, historic",2011-03-09
stdprod_067647,,"Results-based Plan 2010-11 (PDF English)","Results-based Plan 2010-11",vern.crawford@ontario.ca,"Results-based Plan 2010-11",2010-08-05
287256,,"Engagements et normes de service","Engagements et normes de service",ron.evers@ontario.ca,"Engagements et normes de service",2010-05-06
stdprod_067648,,"Results-based Plan 2010-11 ( PDF French)","Plan axé sur les résultats publié 2010-11 /  Results-based Plan 2010-11",vern.crawford@ontario.ca,"Plan axé sur les résultats publié 2011",2010-08-05
287255,,"Service Commitment and Service Standards","Service Commitment and Service Standards",ron.evers@ontario.ca,"Service Commitment and Service Standards",2010-05-06
247806,,"Plan axé sur les résultats publié 2008-2009","Le ministère des Richesses naturelles est chargé de l’intendance environnementale des parcs provinciaux, des forêts, des pêcheries, de la faune, des agrégats de minéraux, des richesses pétrolières ainsi que des terres et des eaux de la Couronne.",vern.crawford@mnr.gov.on.ca,"publications, rapports, téléchargements, des publications d'enterprise, la planification axée sur les résultats, rapport annuel, 2008, 2009",2010-05-05
203675,,"Notre Avenir Durable :  Orientations stratégiques du Ministère des Richesses naturelles","Notre avenir durable se veut une expression des orientations strat&#233;giques &#224; long terme et priorit&#233;s courantes du minist&#232;re.",,"OSF, Notre Avenir Durable, NAD,  Notre Avenir Durable Orientations stratégiques du Ministère des Richesses naturelles",2010-05-06
274118,,"RBP 2009-10 Ministry Organization Chart_Fr","Organigramme du Ministère",,"Organigramme, Ministère",2010-05-06
274085,,"RBP 2009-10 Ministry Contribution to Government Priorities","Diagram 1: Ministry Contribution to Government Priorities and Key Results",,"Government Priorities",2010-05-06
274115,,"RBP 2009-10 Ministry Contribution to Government Priorities_FR","Diagramme 1 : Contribution du Ministère aux priorités et aux résultats clés du gouvernement",,"gouvernement priorités",2010-05-06
mnr_e000002,,"Our Sustainable Future: Strategic Directions","Our Sustainable Future is an expression of long-term strategic directions and current priorities. The ministry will use the plan to guide the ministry's activities and organizational transformation to deliver on its goals, strategies and actions.",webmaster@mnr.gov.on.ca,"Our Sustainable Future, strategic directions, priorities, sustainable, sustainability",2010-05-06
274088,,"RBP 2009-10 Ministry Org Chart","Ministry Organization Chart",,"Organization Chart",2010-05-06
200263,,"Published Results Based Plan 2007/08","In pursuing these goals, the ministry contributes to the government’s key commitments, priorities and results.",webmaster@mnr.gov.on.ca,"publications, reports, downloads, corporate reports, corporate publications, Results-Based Plan, annual report, 2007, 2008, 2007/08",2010-05-06
247805,,"Published Results-based Plan 2008/09","The Ministry of Natural Resources is the steward of Ontario's provincial parks, forests, fisheries, wildlife, mineral aggregates, petroleum resources and the Crown land and waters that make up 87 per cent of the province.",vern.crawford@ontario.ca,"publications, reports, corporate reports, corporate publications,  Results-Based Plan, annual report, RBP, 2008, 2009, 2008/09, breifing book",2010-05-05
200264,,"Plan fondé sur les résultats publié 2006-2007","En poursuivant ces buts, le ministère contribue à l’atteinte des engagements, priorités et résultats clés du gouvernement.",,"Published, RBP, Results, based, plan, results-based, 2007, 2008, 2007/08,                                                                                                                                                                                                                                                                                                                                                                                                                                                                                                                                                                                                                                                                                                                                                                                                                                                                                                                                                                                                                                                                                                                                                                                                                                                                                                                                                                                                                                                                                                                                                                                                                                                                              
Plan fondé sur les résultats publié 2006-2007",2010-05-06
274149,,"Results-based Plan 2009-10 - PDF (French)","Results-based Plan 2009-10",,"Results-based Plan 2009-10",2010-05-06
